/*
SQLyog Ultimate v11.27 (32 bit)
MySQL - 5.1.31-community : Database - fadmin
*********************************************************************
*/

/*!40101 SET NAMES utf8 */;

/*!40101 SET SQL_MODE=''*/;

/*!40014 SET @OLD_UNIQUE_CHECKS=@@UNIQUE_CHECKS, UNIQUE_CHECKS=0 */;
/*!40014 SET @OLD_FOREIGN_KEY_CHECKS=@@FOREIGN_KEY_CHECKS, FOREIGN_KEY_CHECKS=0 */;
/*!40101 SET @OLD_SQL_MODE=@@SQL_MODE, SQL_MODE='NO_AUTO_VALUE_ON_ZERO' */;
/*!40111 SET @OLD_SQL_NOTES=@@SQL_NOTES, SQL_NOTES=0 */;
CREATE DATABASE /*!32312 IF NOT EXISTS*/`fadmin` /*!40100 DEFAULT CHARACTER SET utf8 COLLATE utf8_bin */;

USE `fadmin`;

/*Table structure for table `dc_sql` */

DROP TABLE IF EXISTS `dc_sql`;

CREATE TABLE `dc_sql` (
  `dc_name` varchar(200) COLLATE utf8_bin NOT NULL,
  `dc_sql` varchar(2000) COLLATE utf8_bin DEFAULT NULL,
  `dc_desc` varchar(200) COLLATE utf8_bin DEFAULT NULL,
  PRIMARY KEY (`dc_name`)
) ENGINE=InnoDB DEFAULT CHARSET=utf8 COLLATE=utf8_bin;

/*Data for the table `dc_sql` */

/*Table structure for table `qrtz_blob_triggers` */

DROP TABLE IF EXISTS `qrtz_blob_triggers`;

CREATE TABLE `qrtz_blob_triggers` (
  `SCHED_NAME` varchar(120) COLLATE utf8_bin NOT NULL,
  `TRIGGER_NAME` varchar(200) COLLATE utf8_bin NOT NULL,
  `TRIGGER_GROUP` varchar(200) COLLATE utf8_bin NOT NULL,
  `BLOB_DATA` blob,
  PRIMARY KEY (`SCHED_NAME`,`TRIGGER_NAME`,`TRIGGER_GROUP`),
  CONSTRAINT `qrtz_blob_triggers_ibfk_1` FOREIGN KEY (`SCHED_NAME`, `TRIGGER_NAME`, `TRIGGER_GROUP`) REFERENCES `qrtz_triggers` (`SCHED_NAME`, `TRIGGER_NAME`, `TRIGGER_GROUP`)
) ENGINE=InnoDB DEFAULT CHARSET=utf8 COLLATE=utf8_bin;

/*Data for the table `qrtz_blob_triggers` */

/*Table structure for table `qrtz_calendars` */

DROP TABLE IF EXISTS `qrtz_calendars`;

CREATE TABLE `qrtz_calendars` (
  `SCHED_NAME` varchar(120) COLLATE utf8_bin NOT NULL,
  `CALENDAR_NAME` varchar(200) COLLATE utf8_bin NOT NULL,
  `CALENDAR` blob NOT NULL,
  PRIMARY KEY (`SCHED_NAME`,`CALENDAR_NAME`)
) ENGINE=InnoDB DEFAULT CHARSET=utf8 COLLATE=utf8_bin;

/*Data for the table `qrtz_calendars` */

/*Table structure for table `qrtz_cron_triggers` */

DROP TABLE IF EXISTS `qrtz_cron_triggers`;

CREATE TABLE `qrtz_cron_triggers` (
  `SCHED_NAME` varchar(120) COLLATE utf8_bin NOT NULL,
  `TRIGGER_NAME` varchar(200) COLLATE utf8_bin NOT NULL,
  `TRIGGER_GROUP` varchar(200) COLLATE utf8_bin NOT NULL,
  `CRON_EXPRESSION` varchar(200) COLLATE utf8_bin NOT NULL,
  `TIME_ZONE_ID` varchar(80) COLLATE utf8_bin DEFAULT NULL,
  PRIMARY KEY (`SCHED_NAME`,`TRIGGER_NAME`,`TRIGGER_GROUP`),
  CONSTRAINT `qrtz_cron_triggers_ibfk_1` FOREIGN KEY (`SCHED_NAME`, `TRIGGER_NAME`, `TRIGGER_GROUP`) REFERENCES `qrtz_triggers` (`SCHED_NAME`, `TRIGGER_NAME`, `TRIGGER_GROUP`)
) ENGINE=InnoDB DEFAULT CHARSET=utf8 COLLATE=utf8_bin;

/*Data for the table `qrtz_cron_triggers` */

insert  into `qrtz_cron_triggers`(`SCHED_NAME`,`TRIGGER_NAME`,`TRIGGER_GROUP`,`CRON_EXPRESSION`,`TIME_ZONE_ID`) values ('quartzJobFactory','å®šæ—¶JOBä»»åŠ¡1_triggerName','DEFAULT','*/15 * * * * ?','Asia/Shanghai');

/*Table structure for table `qrtz_fired_triggers` */

DROP TABLE IF EXISTS `qrtz_fired_triggers`;

CREATE TABLE `qrtz_fired_triggers` (
  `SCHED_NAME` varchar(120) COLLATE utf8_bin NOT NULL,
  `ENTRY_ID` varchar(95) COLLATE utf8_bin NOT NULL,
  `TRIGGER_NAME` varchar(200) COLLATE utf8_bin NOT NULL,
  `TRIGGER_GROUP` varchar(200) COLLATE utf8_bin NOT NULL,
  `INSTANCE_NAME` varchar(200) COLLATE utf8_bin NOT NULL,
  `FIRED_TIME` bigint(13) NOT NULL,
  `SCHED_TIME` bigint(13) NOT NULL,
  `PRIORITY` int(11) NOT NULL,
  `STATE` varchar(16) COLLATE utf8_bin NOT NULL,
  `JOB_NAME` varchar(200) COLLATE utf8_bin DEFAULT NULL,
  `JOB_GROUP` varchar(200) COLLATE utf8_bin DEFAULT NULL,
  `IS_NONCONCURRENT` varchar(1) COLLATE utf8_bin DEFAULT NULL,
  `REQUESTS_RECOVERY` varchar(1) COLLATE utf8_bin DEFAULT NULL,
  PRIMARY KEY (`SCHED_NAME`,`ENTRY_ID`)
) ENGINE=InnoDB DEFAULT CHARSET=utf8 COLLATE=utf8_bin;

/*Data for the table `qrtz_fired_triggers` */

/*Table structure for table `qrtz_job_details` */

DROP TABLE IF EXISTS `qrtz_job_details`;

CREATE TABLE `qrtz_job_details` (
  `SCHED_NAME` varchar(120) COLLATE utf8_bin NOT NULL,
  `JOB_NAME` varchar(200) COLLATE utf8_bin NOT NULL,
  `JOB_GROUP` varchar(200) COLLATE utf8_bin NOT NULL,
  `DESCRIPTION` varchar(250) COLLATE utf8_bin DEFAULT NULL,
  `JOB_CLASS_NAME` varchar(250) COLLATE utf8_bin NOT NULL,
  `IS_DURABLE` varchar(1) COLLATE utf8_bin NOT NULL,
  `IS_NONCONCURRENT` varchar(1) COLLATE utf8_bin NOT NULL,
  `IS_UPDATE_DATA` varchar(1) COLLATE utf8_bin NOT NULL,
  `REQUESTS_RECOVERY` varchar(1) COLLATE utf8_bin NOT NULL,
  `JOB_DATA` blob,
  PRIMARY KEY (`SCHED_NAME`,`JOB_NAME`,`JOB_GROUP`)
) ENGINE=InnoDB DEFAULT CHARSET=utf8 COLLATE=utf8_bin;

/*Data for the table `qrtz_job_details` */

insert  into `qrtz_job_details`(`SCHED_NAME`,`JOB_NAME`,`JOB_GROUP`,`DESCRIPTION`,`JOB_CLASS_NAME`,`IS_DURABLE`,`IS_NONCONCURRENT`,`IS_UPDATE_DATA`,`REQUESTS_RECOVERY`,`JOB_DATA`) values ('quartzJobFactory','å®šæ—¶JOBä»»åŠ¡1','DEFAULT',NULL,'com.dtf.admin.manage.job.JobDemo','0','0','0','0','¬í\0sr\0org.quartz.JobDataMapŸ°ƒè¿©°Ë\0\0xr\0&org.quartz.utils.StringKeyDirtyFlagMap‚èÃûÅ](\0Z\0allowsTransientDataxr\0org.quartz.utils.DirtyFlagMapæ.­(v\nÎ\0Z\0dirtyL\0mapt\0Ljava/util/Map;xp\0sr\0java.util.HashMapÚÁÃ`Ñ\0F\0\nloadFactorI\0	thresholdxp?@\0\0\0\0\0w\0\0\0\0\0\0\0x\0');

/*Table structure for table `qrtz_locks` */

DROP TABLE IF EXISTS `qrtz_locks`;

CREATE TABLE `qrtz_locks` (
  `SCHED_NAME` varchar(120) COLLATE utf8_bin NOT NULL,
  `LOCK_NAME` varchar(40) COLLATE utf8_bin NOT NULL,
  PRIMARY KEY (`SCHED_NAME`,`LOCK_NAME`)
) ENGINE=InnoDB DEFAULT CHARSET=utf8 COLLATE=utf8_bin;

/*Data for the table `qrtz_locks` */

insert  into `qrtz_locks`(`SCHED_NAME`,`LOCK_NAME`) values ('RenrenScheduler','TRIGGER_ACCESS'),('quartzJobFactory','STATE_ACCESS'),('quartzJobFactory','TRIGGER_ACCESS');

/*Table structure for table `qrtz_paused_trigger_grps` */

DROP TABLE IF EXISTS `qrtz_paused_trigger_grps`;

CREATE TABLE `qrtz_paused_trigger_grps` (
  `SCHED_NAME` varchar(120) COLLATE utf8_bin NOT NULL,
  `TRIGGER_GROUP` varchar(200) COLLATE utf8_bin NOT NULL,
  PRIMARY KEY (`SCHED_NAME`,`TRIGGER_GROUP`)
) ENGINE=InnoDB DEFAULT CHARSET=utf8 COLLATE=utf8_bin;

/*Data for the table `qrtz_paused_trigger_grps` */

/*Table structure for table `qrtz_scheduler_state` */

DROP TABLE IF EXISTS `qrtz_scheduler_state`;

CREATE TABLE `qrtz_scheduler_state` (
  `SCHED_NAME` varchar(120) COLLATE utf8_bin NOT NULL,
  `INSTANCE_NAME` varchar(200) COLLATE utf8_bin NOT NULL,
  `LAST_CHECKIN_TIME` bigint(13) NOT NULL,
  `CHECKIN_INTERVAL` bigint(13) NOT NULL,
  PRIMARY KEY (`SCHED_NAME`,`INSTANCE_NAME`)
) ENGINE=InnoDB DEFAULT CHARSET=utf8 COLLATE=utf8_bin;

/*Data for the table `qrtz_scheduler_state` */

insert  into `qrtz_scheduler_state`(`SCHED_NAME`,`INSTANCE_NAME`,`LAST_CHECKIN_TIME`,`CHECKIN_INTERVAL`) values ('quartzJobFactory','fei-PC1507705298636',1507711062019,20000);

/*Table structure for table `qrtz_simple_triggers` */

DROP TABLE IF EXISTS `qrtz_simple_triggers`;

CREATE TABLE `qrtz_simple_triggers` (
  `SCHED_NAME` varchar(120) COLLATE utf8_bin NOT NULL,
  `TRIGGER_NAME` varchar(200) COLLATE utf8_bin NOT NULL,
  `TRIGGER_GROUP` varchar(200) COLLATE utf8_bin NOT NULL,
  `REPEAT_COUNT` bigint(7) NOT NULL,
  `REPEAT_INTERVAL` bigint(12) NOT NULL,
  `TIMES_TRIGGERED` bigint(10) NOT NULL,
  PRIMARY KEY (`SCHED_NAME`,`TRIGGER_NAME`,`TRIGGER_GROUP`),
  CONSTRAINT `qrtz_simple_triggers_ibfk_1` FOREIGN KEY (`SCHED_NAME`, `TRIGGER_NAME`, `TRIGGER_GROUP`) REFERENCES `qrtz_triggers` (`SCHED_NAME`, `TRIGGER_NAME`, `TRIGGER_GROUP`)
) ENGINE=InnoDB DEFAULT CHARSET=utf8 COLLATE=utf8_bin;

/*Data for the table `qrtz_simple_triggers` */

/*Table structure for table `qrtz_simprop_triggers` */

DROP TABLE IF EXISTS `qrtz_simprop_triggers`;

CREATE TABLE `qrtz_simprop_triggers` (
  `SCHED_NAME` varchar(120) COLLATE utf8_bin NOT NULL,
  `TRIGGER_NAME` varchar(200) COLLATE utf8_bin NOT NULL,
  `TRIGGER_GROUP` varchar(200) COLLATE utf8_bin NOT NULL,
  `STR_PROP_1` varchar(512) COLLATE utf8_bin DEFAULT NULL,
  `STR_PROP_2` varchar(512) COLLATE utf8_bin DEFAULT NULL,
  `STR_PROP_3` varchar(512) COLLATE utf8_bin DEFAULT NULL,
  `INT_PROP_1` int(11) DEFAULT NULL,
  `INT_PROP_2` int(11) DEFAULT NULL,
  `LONG_PROP_1` bigint(20) DEFAULT NULL,
  `LONG_PROP_2` bigint(20) DEFAULT NULL,
  `DEC_PROP_1` decimal(13,4) DEFAULT NULL,
  `DEC_PROP_2` decimal(13,4) DEFAULT NULL,
  `BOOL_PROP_1` varchar(1) COLLATE utf8_bin DEFAULT NULL,
  `BOOL_PROP_2` varchar(1) COLLATE utf8_bin DEFAULT NULL,
  PRIMARY KEY (`SCHED_NAME`,`TRIGGER_NAME`,`TRIGGER_GROUP`),
  CONSTRAINT `qrtz_simprop_triggers_ibfk_1` FOREIGN KEY (`SCHED_NAME`, `TRIGGER_NAME`, `TRIGGER_GROUP`) REFERENCES `qrtz_triggers` (`SCHED_NAME`, `TRIGGER_NAME`, `TRIGGER_GROUP`)
) ENGINE=InnoDB DEFAULT CHARSET=utf8 COLLATE=utf8_bin;

/*Data for the table `qrtz_simprop_triggers` */

/*Table structure for table `qrtz_triggers` */

DROP TABLE IF EXISTS `qrtz_triggers`;

CREATE TABLE `qrtz_triggers` (
  `SCHED_NAME` varchar(120) COLLATE utf8_bin NOT NULL,
  `TRIGGER_NAME` varchar(200) COLLATE utf8_bin NOT NULL,
  `TRIGGER_GROUP` varchar(200) COLLATE utf8_bin NOT NULL,
  `JOB_NAME` varchar(200) COLLATE utf8_bin NOT NULL,
  `JOB_GROUP` varchar(200) COLLATE utf8_bin NOT NULL,
  `DESCRIPTION` varchar(250) COLLATE utf8_bin DEFAULT NULL,
  `NEXT_FIRE_TIME` bigint(13) DEFAULT NULL,
  `PREV_FIRE_TIME` bigint(13) DEFAULT NULL,
  `PRIORITY` int(11) DEFAULT NULL,
  `TRIGGER_STATE` varchar(16) COLLATE utf8_bin NOT NULL,
  `TRIGGER_TYPE` varchar(8) COLLATE utf8_bin NOT NULL,
  `START_TIME` bigint(13) NOT NULL,
  `END_TIME` bigint(13) DEFAULT NULL,
  `CALENDAR_NAME` varchar(200) COLLATE utf8_bin DEFAULT NULL,
  `MISFIRE_INSTR` smallint(2) DEFAULT NULL,
  `JOB_DATA` blob,
  PRIMARY KEY (`SCHED_NAME`,`TRIGGER_NAME`,`TRIGGER_GROUP`),
  KEY `SCHED_NAME` (`SCHED_NAME`,`JOB_NAME`,`JOB_GROUP`),
  CONSTRAINT `qrtz_triggers_ibfk_1` FOREIGN KEY (`SCHED_NAME`, `JOB_NAME`, `JOB_GROUP`) REFERENCES `qrtz_job_details` (`SCHED_NAME`, `JOB_NAME`, `JOB_GROUP`)
) ENGINE=InnoDB DEFAULT CHARSET=utf8 COLLATE=utf8_bin;

/*Data for the table `qrtz_triggers` */

insert  into `qrtz_triggers`(`SCHED_NAME`,`TRIGGER_NAME`,`TRIGGER_GROUP`,`JOB_NAME`,`JOB_GROUP`,`DESCRIPTION`,`NEXT_FIRE_TIME`,`PREV_FIRE_TIME`,`PRIORITY`,`TRIGGER_STATE`,`TRIGGER_TYPE`,`START_TIME`,`END_TIME`,`CALENDAR_NAME`,`MISFIRE_INSTR`,`JOB_DATA`) values ('quartzJobFactory','å®šæ—¶JOBä»»åŠ¡1_triggerName','DEFAULT','å®šæ—¶JOBä»»åŠ¡1','DEFAULT',NULL,1505139975000,1505139960000,5,'ERROR','CRON',1504106412000,0,NULL,0,'');

/*Table structure for table `sys_attr` */

DROP TABLE IF EXISTS `sys_attr`;

CREATE TABLE `sys_attr` (
  `attr_id` varchar(50) COLLATE utf8_bin NOT NULL,
  `attr_code` varchar(100) COLLATE utf8_bin DEFAULT NULL,
  `struts` varchar(2) COLLATE utf8_bin DEFAULT '0' COMMENT '0ï¼šæœ‰æ•ˆï¼›1ï¼šå¤±æ•ˆ',
  `attr_name` varchar(200) COLLATE utf8_bin DEFAULT NULL,
  `create_date` datetime DEFAULT NULL,
  PRIMARY KEY (`attr_id`)
) ENGINE=InnoDB DEFAULT CHARSET=utf8 COLLATE=utf8_bin;

/*Data for the table `sys_attr` */

insert  into `sys_attr`(`attr_id`,`attr_code`,`struts`,`attr_name`,`create_date`) values ('1','COMMON_STRUTS','0','å…¬å…±å±æ€§-çŠ¶æ€',NULL),('331396c57bc444a785232464d9856f39','JOB_STATE','0','å®šæ—¶ä»»åŠ¡-çŠ¶æ€',NULL),('473a68fda9024db082e2d9fee14e0e36','SYS_STAFF_MSG_TYPE','0','æˆ‘çš„æ¶ˆæ¯-æ•°æ®ç±»å‹',NULL),('73474aba97524eacbd2f28578fbceab3','SYS_STAFF_MSG_STATE','0','æˆ‘çš„æ¶ˆæ¯-æ¶ˆæ¯çŠ¶æ€',NULL),('a661b859ba8343ef88463e1f2203be6d','SYS_STAFF_MSG_IS_TOP','0','æˆ‘çš„æ¶ˆæ¯-æ˜¯å¦ç½®é¡¶',NULL),('ef8b36dbde8e400bbda621e9b4610353','SEX','0','å…¬å…±å±æ€§-æ€§åˆ«',NULL);

/*Table structure for table `sys_attr_value` */

DROP TABLE IF EXISTS `sys_attr_value`;

CREATE TABLE `sys_attr_value` (
  `attr_id` varchar(50) COLLATE utf8_bin DEFAULT NULL,
  `attr_value` varchar(200) COLLATE utf8_bin DEFAULT NULL,
  `attr_value_name` varchar(200) COLLATE utf8_bin DEFAULT NULL
) ENGINE=InnoDB DEFAULT CHARSET=utf8 COLLATE=utf8_bin;

/*Data for the table `sys_attr_value` */

insert  into `sys_attr_value`(`attr_id`,`attr_value`,`attr_value_name`) values ('473a68fda9024db082e2d9fee14e0e36','1','ç³»ç»Ÿæ™®é€šæ¶ˆæ¯'),('473a68fda9024db082e2d9fee14e0e36','2','ç”¨æˆ·å¯†ç ä¿®æ”¹æé†’'),('73474aba97524eacbd2f28578fbceab3','1','æœªè¯»'),('73474aba97524eacbd2f28578fbceab3','2','å·²é˜…'),('331396c57bc444a785232464d9856f39','PAUSED','æš‚åœ'),('331396c57bc444a785232464d9856f39','ACQUIRED','æ­£å¸¸'),('331396c57bc444a785232464d9856f39','WAITING','ç­‰å¾…'),('ef8b36dbde8e400bbda621e9b4610353','0','å¥³'),('ef8b36dbde8e400bbda621e9b4610353','1','ç”·'),('1','0','æœ‰æ•ˆ'),('1','1','æ— æ•ˆ'),('a661b859ba8343ef88463e1f2203be6d','0','ç½®é¡¶'),('a661b859ba8343ef88463e1f2203be6d','1','ä¸ç½®é¡¶');

/*Table structure for table `sys_button` */

DROP TABLE IF EXISTS `sys_button`;

CREATE TABLE `sys_button` (
  `btn_id` varchar(50) COLLATE utf8_bin NOT NULL COMMENT 'æŒ‰é’®ID',
  `btn_html` varchar(2000) COLLATE utf8_bin DEFAULT NULL COMMENT 'æŒ‰é’®HTMLä»£ç ï¼Œå¯ä»¥å†™onclickäº‹ä»¶ç­‰',
  `status` int(11) DEFAULT NULL COMMENT '0:æœ‰æ•ˆï¼›1ï¼šæ— æ•ˆ',
  `btn_code` varchar(100) COLLATE utf8_bin NOT NULL,
  `menu_id` varchar(50) COLLATE utf8_bin NOT NULL,
  `btn_name` varchar(50) COLLATE utf8_bin NOT NULL,
  PRIMARY KEY (`btn_id`)
) ENGINE=InnoDB DEFAULT CHARSET=utf8 COLLATE=utf8_bin;

/*Data for the table `sys_button` */

insert  into `sys_button`(`btn_id`,`btn_html`,`status`,`btn_code`,`menu_id`,`btn_name`) values ('1c947258c8d0491ebdd7c23401bf363f',NULL,0,'SYS_ORG_ADD','402880e54e7baf69014e7bb1d9700000','æ–°å¢'),('3992381845ef49ad8402ce5239661659',NULL,0,'SYS_ROLE_DEL','402882834ea4d19a014ea4e0b4fb0000','åˆ é™¤è§’è‰²'),('465b032a95aa4d788f5cf0c5b155ec37',NULL,0,'SYS_ORG_EDIT','402880e54e7baf69014e7bb1d9700000','ä¿®æ”¹'),('5e033a12885642c58dd50557582ada46',NULL,0,'SYS_ROLE_EDIT','402882834ea4d19a014ea4e0b4fb0000','ç¼–è¾‘è§’è‰²'),('6c12111262fe4a74a67ae5549e5bd278',NULL,0,'SYS_ROLE_ADDROLE','402882834ea4d19a014ea4e0b4fb0000','æ·»åŠ è§’è‰²'),('e600316b0bff4a9fb0bd18dc8288fb38',NULL,0,'SYS_ROLE_AUTH_EDIT','402882834ea4d19a014ea4e0b4fb0000','è§’è‰²èµ‹æƒ'),('f60f7f75fb744db6821403fda1d55e98',NULL,0,'SYS_ORG_DEL','402880e54e7baf69014e7bb1d9700000','åˆ é™¤');

/*Table structure for table `sys_menu` */

DROP TABLE IF EXISTS `sys_menu`;

CREATE TABLE `sys_menu` (
  `menu_id` varchar(50) COLLATE utf8_bin NOT NULL COMMENT 'èœå•ID',
  `menu_name` varchar(100) COLLATE utf8_bin DEFAULT NULL COMMENT 'èœå•æ˜¾ç¤ºåç§°',
  `menu_url` varchar(500) COLLATE utf8_bin DEFAULT NULL COMMENT 'èœå•é“¾æ¥',
  `menu_path` varchar(200) COLLATE utf8_bin DEFAULT NULL COMMENT 'èœå•è·¯å¾„ï¼šçˆ¶èœå•ID.è‡ªå·±ID',
  `parent_id` varchar(50) COLLATE utf8_bin DEFAULT NULL COMMENT 'çˆ¶èŠ‚ç‚¹ID',
  `status` int(11) DEFAULT NULL COMMENT '0æœ‰æ•ˆï¼›1æ— æ•ˆ',
  `sort_order` varchar(11) COLLATE utf8_bin DEFAULT NULL COMMENT 'æ’åº',
  `class_style` varchar(100) COLLATE utf8_bin DEFAULT NULL COMMENT 'èœå•æ ·å¼ï¼Œå¯ä»¥æ˜¯iconå›¾æ ‡',
  `menu_level` int(2) DEFAULT NULL COMMENT 'èœå•çº§åˆ«',
  PRIMARY KEY (`menu_id`)
) ENGINE=InnoDB DEFAULT CHARSET=utf8 COLLATE=utf8_bin;

/*Data for the table `sys_menu` */

insert  into `sys_menu`(`menu_id`,`menu_name`,`menu_url`,`menu_path`,`parent_id`,`status`,`sort_order`,`class_style`,`menu_level`) values ('-1','ç³»ç»Ÿèœå•æ ¹ç›®å½•','æ— ï¼Œå¯æ·»åŠ manageçš„å…¬å…±å¯è®¿é—®é¡µé¢','-1','',0,'','',0),('0f0ffa7ed9194235baf489ff5ed91657','ä¸ªäººä¿¡æ¯','/manage/staff_user_info.jsp','-1.8ea1f7ba71b04e3e966ec366730eaf9c.0f0ffa7ed9194235baf489ff5ed91657','8ea1f7ba71b04e3e966ec366730eaf9c',0,'1','',2),('13bce71907804305b45cc505a2b5de7b','ç®¡ç†å‘˜ç®¡ç†','æ— ','-1.13bce71907804305b45cc505a2b5de7b','-1',0,'100','&#xe62d;',1),('2c9ba381519b5fa901519ba8b9ed0011','ç”¨æˆ·ç®¡ç†','/manage/sysStaff_list.jsp','-1.13bce71907804305b45cc505a2b5de7b.2c9ba381519b5fa901519ba8b9ed0011','13bce71907804305b45cc505a2b5de7b',0,'0','',2),('2c9ba381519be34601519bea88310000','ç³»ç»Ÿè®¾ç½®','/manage/system_set.jsp','-1.402880e54e59cb8f014e5d78706c0011.2c9ba381519be34601519bea88310000','402880e54e59cb8f014e5d78706c0011',0,'2','',2),('3fe83550861a47018ae9b72859c8eb98','ä¿®æ”¹å¯†ç ','/manage/changePassword.jsp','-1.8ea1f7ba71b04e3e966ec366730eaf9c.3fe83550861a47018ae9b72859c8eb98','8ea1f7ba71b04e3e966ec366730eaf9c',0,'2','',2),('402880e54e59cb8f014e5d78706c0011','ç³»ç»Ÿç®¡ç†','æ— ','-1.402880e54e59cb8f014e5d78706c0011','-1',0,'100','&#xe62e;',1),('402880e54e59cb8f014e5d79c5150012','èœå•æŒ‰é’®ç®¡ç†','/manage/sysMenu_list.jsp','-1.402880e54e59cb8f014e5d78706c0011.402880e54e59cb8f014e5d79c5150012','402880e54e59cb8f014e5d78706c0011',0,'0','',2),('402880e54e7baf69014e7bb1d9700000','ç»„ç»‡ç®¡ç†','/manage/sysOrg_list.jsp','-1.13bce71907804305b45cc505a2b5de7b.402880e54e7baf69014e7bb1d9700000','13bce71907804305b45cc505a2b5de7b',0,'3','',2),('402882834ea4d19a014ea4e0b4fb0000','è§’è‰²ç®¡ç†','/manage/sysRole_list.jsp','-1.13bce71907804305b45cc505a2b5de7b.402882834ea4d19a014ea4e0b4fb0000','13bce71907804305b45cc505a2b5de7b',0,'-1','',2),('482065e88183455b856734968a476fda','æ•°æ®å­—å…¸','/manage/sysAttr_list.jsp','-1.402880e54e59cb8f014e5d78706c0011.482065e88183455b856734968a476fda','402880e54e59cb8f014e5d78706c0011',0,'99','',2),('8ea1f7ba71b04e3e966ec366730eaf9c','ä¸ªäººä¸­å¿ƒ','æ— ','-1.8ea1f7ba71b04e3e966ec366730eaf9c','-1',0,'99','&#xe705;',1),('c4c2138bab1c4799bcf210cc996b4d46','æˆ‘çš„æ¶ˆæ¯','/manage/sysMessage_list.jsp','-1.8ea1f7ba71b04e3e966ec366730eaf9c.c4c2138bab1c4799bcf210cc996b4d46','8ea1f7ba71b04e3e966ec366730eaf9c',0,'','',2),('d1820343c8294dd79cb159ade151a619','å®šæ—¶ä»»åŠ¡ç®¡ç†','/manage/quartzJob_list.jsp','-1.402880e54e59cb8f014e5d78706c0011.d1820343c8294dd79cb159ade151a619','402880e54e59cb8f014e5d78706c0011',0,'3','',2),('dfee3fec38044de8bb0e28b50afc5fa2','å¼€å‘å·¥å…·','æ— ','-1.dfee3fec38044de8bb0e28b50afc5fa2','-1',0,'100','&#xe662;',1),('fc033fe40d17414f9658abdbd70b5820','ä»£ç ç”Ÿæˆå·¥å…·','/manage/codeGeneration_list.jsp','-1.dfee3fec38044de8bb0e28b50afc5fa2.fc033fe40d17414f9658abdbd70b5820','dfee3fec38044de8bb0e28b50afc5fa2',0,'1','',2);

/*Table structure for table `sys_menu_children` */

DROP TABLE IF EXISTS `sys_menu_children`;

CREATE TABLE `sys_menu_children` (
  `menu_id` varchar(50) COLLATE utf8_bin NOT NULL COMMENT 'èœå•ID',
  `menu_children_url` varchar(300) COLLATE utf8_bin NOT NULL COMMENT 'å­èœå•URL'
) ENGINE=InnoDB DEFAULT CHARSET=utf8 COLLATE=utf8_bin;

/*Data for the table `sys_menu_children` */

insert  into `sys_menu_children`(`menu_id`,`menu_children_url`) values ('2c9ba381519b5fa901519ba8b9ed0011','/manage/sysStaff_edit.jsp'),('2c9ba381519b5fa901519ba8b9ed0011','/manage/sysRole_select.jsp'),('2c9ba381519b5fa901519ba8b9ed0011','/manage/sysOrg_tree.jsp'),('402882834ea4d19a014ea4e0b4fb0000','/manage/sysRole_edit.jsp'),('402882834ea4d19a014ea4e0b4fb0000','/manage/sysRolePrivilege_edit.jsp'),('402880e54e7baf69014e7bb1d9700000','/manage/sysOrg_edit.jsp'),('fc033fe40d17414f9658abdbd70b5820','/manage/codeGeneration_add.jsp'),('d1820343c8294dd79cb159ade151a619','/manage/quartzJob_edit.jsp'),('d1820343c8294dd79cb159ade151a619','/manage/quartzJob_cron.jsp'),('402880e54e59cb8f014e5d79c5150012','/manage/sysMenu_edit.jsp'),('402880e54e59cb8f014e5d79c5150012','/manage/sysBtn_edit.jsp'),('-1','/manage/welcome.jsp'),('-1','/manage/index.jsp'),('482065e88183455b856734968a476fda','/manage/sysAttr_edit.jsp'),('0f0ffa7ed9194235baf489ff5ed91657','/manage/sysMessage_query.jsp');

/*Table structure for table `sys_message` */

DROP TABLE IF EXISTS `sys_message`;

CREATE TABLE `sys_message` (
  `msg_id` varchar(60) COLLATE utf8_bin NOT NULL COMMENT 'ç”¨æˆ·æ¶ˆæ¯ID',
  `receive_staff_id` varchar(60) COLLATE utf8_bin DEFAULT NULL COMMENT 'æ¥æ”¶æ¶ˆæ¯ç”¨æˆ·ID',
  `send_staff_id` varchar(60) COLLATE utf8_bin DEFAULT NULL COMMENT 'å‘é€æ¶ˆæ¯ç”¨æˆ·ID',
  `msg_title` varchar(200) COLLATE utf8_bin DEFAULT NULL COMMENT 'æ¶ˆæ¯æ ‡é¢˜',
  `msg_content` varchar(2000) COLLATE utf8_bin DEFAULT NULL COMMENT 'æ¶ˆæ¯å†…å®¹ï¼Œå¦‚æœæœ‰URLä»€ä¹ˆçš„ï¼Œä¹Ÿåœ¨å†…å®¹é‡Œè¾¹å¤„ç†',
  `msg_type` varchar(3) COLLATE utf8_bin DEFAULT NULL COMMENT 'æ¶ˆæ¯ç±»å‹ï¼šSYS_STAFF_MSG_TYPE',
  `receive_time` datetime DEFAULT NULL COMMENT 'æ¥æ”¶æ—¶é—´',
  `msg_state` varchar(3) COLLATE utf8_bin DEFAULT NULL COMMENT 'æ¶ˆæ¯çŠ¶æ€ï¼šSYS_STAFF_MSG_STATE',
  `msg_state_time` datetime DEFAULT NULL COMMENT 'æ¶ˆæ¯çŠ¶æ€æ—¶é—´',
  `is_top` varchar(1) COLLATE utf8_bin DEFAULT NULL COMMENT 'æ˜¯å¦ç½®é¡¶ï¼šSYS_STAFF_MSG_IS_TOP',
  `msg_url` varchar(200) COLLATE utf8_bin DEFAULT NULL COMMENT 'ç‚¹å‡»æ¶ˆæ¯è·³è½¬çš„URL',
  PRIMARY KEY (`msg_id`),
  KEY `index_sys_message_send_staff_id` (`send_staff_id`),
  KEY `index_sys_message_receive_staff_id` (`receive_staff_id`),
  KEY `index_sys_message_title` (`msg_title`),
  KEY `index_sys_message_receive_time` (`receive_time`)
) ENGINE=InnoDB DEFAULT CHARSET=utf8 COLLATE=utf8_bin;

/*Data for the table `sys_message` */

insert  into `sys_message`(`msg_id`,`receive_staff_id`,`send_staff_id`,`msg_title`,`msg_content`,`msg_type`,`receive_time`,`msg_state`,`msg_state_time`,`is_top`,`msg_url`) values ('ac143d109f1b402184a1cb8052f5b1a2','2c9ba381518191770151819d10740000','2c9ba381518191770151819d10740000','å¯†ç ä¿®æ”¹æç¤ºï¼','ä½ å¥½ï¼Œä½ çš„å¯†ç äºï¼š2017-10-09å‘ç”Ÿå˜æ›´ï¼Œå¦‚ä¸æ˜¯æœ¬äººæ“ä½œï¼Œè¯·è”ç³»ç®¡ç†å‘˜ï¼','2','2017-10-09 14:27:32','2','2017-10-11 13:27:54','1','');

/*Table structure for table `sys_org` */

DROP TABLE IF EXISTS `sys_org`;

CREATE TABLE `sys_org` (
  `org_id` varchar(50) COLLATE utf8_bin NOT NULL COMMENT 'ç»„ç»‡ID',
  `org_name` varchar(50) COLLATE utf8_bin DEFAULT NULL COMMENT 'ç»„ç»‡åç§°',
  `parent_id` varchar(50) COLLATE utf8_bin DEFAULT NULL COMMENT 'ä¸Šçº§ç»„ç»‡ID',
  `org_level` int(11) DEFAULT NULL COMMENT 'ç»„ç»‡çº§åˆ«',
  `status` int(11) DEFAULT NULL COMMENT 'çŠ¶æ€ï¼š0æœ‰æ•ˆï¼›1æ— æ•ˆ',
  `org_path` varchar(200) COLLATE utf8_bin DEFAULT NULL COMMENT 'ç»„ç»‡è·¯å¾„',
  PRIMARY KEY (`org_id`)
) ENGINE=InnoDB DEFAULT CHARSET=utf8 COLLATE=utf8_bin;

/*Data for the table `sys_org` */

insert  into `sys_org`(`org_id`,`org_name`,`parent_id`,`org_level`,`status`,`org_path`) values ('-1','ç³»ç»Ÿæ ¹è·¯å¾„','',-1,0,'-1'),('1','äººåŠ›èµ„æºéƒ¨','-1',0,0,'-1.1'),('402881e54fe5f607014fe6092bbe0009','ç»¼åˆä¸€éƒ¨','1',1,0,'-1.1.402881e54fe5f607014fe6092bbe0009'),('402881e54fe5f607014fe6094f67000a','ç»¼åˆäºŒéƒ¨','1',1,0,'-1.1.402881e54fe5f607014fe6094f67000a'),('402882864e920871014e9227ca860000','é”€å”®éƒ¨','-1',0,0,'-1.402882864e920871014e9227ca860000'),('705290062347454da1f644fe9e9a4b9a','é”€å”®ä¸‰éƒ¨','402882864e920871014e9227ca860000',1,0,'-1.402882864e920871014e9227ca860000.705290062347454da1f644fe9e9a4b9a'),('8e7303ff7d2144d7b9eb5941f964540e','é”€å”®ä¸€éƒ¨','402882864e920871014e9227ca860000',1,0,'-1.402882864e920871014e9227ca860000.8e7303ff7d2144d7b9eb5941f964540e'),('a45221cb4db643359cbdee213b31002e','é”€å”®ä¸‰éƒ¨','402882864e920871014e9227ca860000',1,0,'-1.402882864e920871014e9227ca860000.a45221cb4db643359cbdee213b31002e');

/*Table structure for table `sys_params` */

DROP TABLE IF EXISTS `sys_params`;

CREATE TABLE `sys_params` (
  `param_code` varchar(100) COLLATE utf8_bin NOT NULL COMMENT 'ç³»ç»Ÿå‚æ•°å',
  `param_val` varchar(500) COLLATE utf8_bin DEFAULT NULL COMMENT 'ç³»ç»Ÿå‚æ•°å€¼',
  `param_name` varchar(100) COLLATE utf8_bin NOT NULL COMMENT 'ç³»ç»Ÿå‚æ•°è¯´æ˜',
  PRIMARY KEY (`param_code`)
) ENGINE=InnoDB DEFAULT CHARSET=utf8 COLLATE=utf8_bin;

/*Data for the table `sys_params` */

insert  into `sys_params`(`param_code`,`param_val`,`param_name`) values ('SYSTEM_EMAIL_SEND_FROM','ä¸­å…´è½¯åˆ›','ç³»ç»Ÿå‘é€é‚®ä»¶å‘é€äººåç§°'),('SYSTEM_EMAIL_USER_NAME','280789377@qq.com','ç”¨æˆ·å'),('SYSTEM_EMAIL_USER_PWD','ioauymrjedapcbee','å¯†ç '),('SYSTEM_NAME','å«æµ´ç®¡ç†ç³»ç»Ÿ','ç³»ç»Ÿåç§°');

/*Table structure for table `sys_privilege_rel` */

DROP TABLE IF EXISTS `sys_privilege_rel`;

CREATE TABLE `sys_privilege_rel` (
  `privilege_rel_id` varchar(50) COLLATE utf8_bin NOT NULL COMMENT 'æƒé™å¯¹åº”ID',
  `role_id` varchar(50) COLLATE utf8_bin DEFAULT NULL COMMENT 'è§’è‰²ID',
  `privilege_type` varchar(20) COLLATE utf8_bin DEFAULT NULL COMMENT 'æƒé™ç±»å‹ï¼š1èœå•æƒé™ï¼›2æŒ‰é’®æƒé™',
  `privilege_obj_id` varchar(50) COLLATE utf8_bin DEFAULT NULL COMMENT 'èœå•IDã€æŒ‰é’®ID',
  PRIMARY KEY (`privilege_rel_id`)
) ENGINE=InnoDB DEFAULT CHARSET=utf8 COLLATE=utf8_bin;

/*Data for the table `sys_privilege_rel` */

insert  into `sys_privilege_rel`(`privilege_rel_id`,`role_id`,`privilege_type`,`privilege_obj_id`) values ('08293b32bbec4fd4bf5e214b0780965e','1','btn','e600316b0bff4a9fb0bd18dc8288fb38'),('0b35a0489a7745cb8a1bbb4a4a469d34','1','menu','3fe83550861a47018ae9b72859c8eb98'),('12d182959fe14558a936d6f1850975e2','1','btn','6c12111262fe4a74a67ae5549e5bd278'),('148188d8041a4443b218bc08ad75f486','60d6a27183a1499987949449cbd2c1e8','menu','d1820343c8294dd79cb159ade151a619'),('179b162b99514d4c90a3c06e2904d796','cb58b16d3c8d480d83f20b05d9694b86','menu','-1'),('1b9691882b1347c1ba63b7fea9363666','814e35076e3e4077aeed5857ea0260d1','menu','2c9ba381519b5fa901519ba8fe3a0012'),('21acd930ce6f4f1f98f433bbd6f34300','1','menu','d1820343c8294dd79cb159ade151a619'),('238e6d3785bc40a79a9cd54d339e609b','1','menu','402882834ea4d19a014ea4e0b4fb0000'),('29917f6a9f0e4327aee27d5357a14e31','814e35076e3e4077aeed5857ea0260d1','menu','402880e54e59cb8f014e5d78706c0011'),('2f696f1a9d354b4d8e6f884deb1cd90c','1','menu','-1'),('3236ca0c6c9b40b69dbb0cbe661d0435','1','btn','f60f7f75fb744db6821403fda1d55e98'),('3ae132bc07f742f9b80e6cde261f3718','2c9ba381519149ca01519157eca00001','menu','3fe83550861a47018ae9b72859c8eb98'),('3aecddf79a3a499890633f2f5b9f35e8','1','btn','465b032a95aa4d788f5cf0c5b155ec37'),('3f5dc8ba13d64de08018aee81ae0e7a0','814e35076e3e4077aeed5857ea0260d1','menu','402882834ea4d19a014ea4e0b4fb0000'),('431a5083ade04425ad9115ef3f4e7b7a','1','btn','1c947258c8d0491ebdd7c23401bf363f'),('443ae6cde71f4d6087893a529b9028d0','1','menu','2c9ba381519be34601519bea88310000'),('4902a2ca02e14767819e80781379f523','1','menu','402880e54e59cb8f014e5d79c5150012'),('4fd28cb67cd4417e88e306f2afdd1595','814e35076e3e4077aeed5857ea0260d1','menu','2c9ba381519b5fa901519ba8b9ed0011'),('5263265b5ff74b719e7212216b8ef07a','2c9ba381519149ca01519157eca00001','menu','402880e54e59cb8f014e5d78706c0011'),('52c92509b6ee48cca8c8f5f5aeac55e6','60d6a27183a1499987949449cbd2c1e8','menu','402880e54e59cb8f014e5d79c5150012'),('53a15c761d8a4abf840d81535acf67e7','2c9ba381519149ca01519157eca00001','menu','-1'),('5ba64869e3ee4d5ea346ada4b2201cfd','1','menu','dfee3fec38044de8bb0e28b50afc5fa2'),('5f1b96a49fd047029ffd9f75f84bccaa','cb58b16d3c8d480d83f20b05d9694b86','menu','8ea1f7ba71b04e3e966ec366730eaf9c'),('61abbcae0a6f4e27944bb91d4e32128a','60d6a27183a1499987949449cbd2c1e8','menu','402880e54e59cb8f014e5d78706c0011'),('64aa0bd5b98c41458e0fb3c9d6c19f39','1','menu','402880e54e7baf69014e7bb1d9700000'),('6a8d9cf64e884d169937aad7ffbb733d','cb58b16d3c8d480d83f20b05d9694b86','menu','402882834ea4d19a014ea4e0b4fb0000'),('6d7303399bfb4f91b8b5f972d8f7200f','1','menu','c4c2138bab1c4799bcf210cc996b4d46'),('7a2f106376784ef5a84a460f72f004d3','60d6a27183a1499987949449cbd2c1e8','menu','482065e88183455b856734968a476fda'),('7b84c63328314fcfb0bba6d4f155b1b3','2c9ba381519149ca01519157eca00001','menu','402882834ea4d19a014ea4e0b4fb0000'),('7c04eb1b50e64ccb98e8074971369221','1','menu','13bce71907804305b45cc505a2b5de7b'),('7fad278a467c417bb3289920f3769384','cb58b16d3c8d480d83f20b05d9694b86','menu','0f0ffa7ed9194235baf489ff5ed91657'),('88eea84898c34cf28f592c8bc2c08f84','cb58b16d3c8d480d83f20b05d9694b86','menu','3fe83550861a47018ae9b72859c8eb98'),('961f5dc43d954d358abcc59f79fe1164','1','menu','0f0ffa7ed9194235baf489ff5ed91657'),('a1318042565049b686c302575c2e9e73','1','menu','402880e54e59cb8f014e5d78706c0011'),('a360e2ed48754670b2fd8f1a7d7afc31','1','btn','3992381845ef49ad8402ce5239661659'),('a444f89876ad489d8b7c75540942539e','2c9ba381519149ca01519157eca00001','menu','0f0ffa7ed9194235baf489ff5ed91657'),('a4687fd184fc4769b46e298fcc69662e','2c9ba381519149ca01519157eca00001','menu','402880e54e7baf69014e7bb1d9700000'),('a482c498cf2e44b18a924e7d91a2f47a','1','btn','5e033a12885642c58dd50557582ada46'),('aaabe075322442619e19453ebe87307a','2c9ba381519149ca01519157eca00001','menu','402880e54e59cb8f014e5d79c5150012'),('b34c5f51afa54c86b6ae1edef5bd95ad','cb58b16d3c8d480d83f20b05d9694b86','menu','13bce71907804305b45cc505a2b5de7b'),('b51c7c5a01a2406a8b72642f7d8a1aa4','1','menu','2c9ba381519b5fa901519ba8b9ed0011'),('bb6a4d6232dd4c5f89a65b3f261bdd34','1','menu','482065e88183455b856734968a476fda'),('bd2db6236faf41d69a540efcd3d21e90','60d6a27183a1499987949449cbd2c1e8','menu','2c9ba381519be34601519bea88310000'),('c05d28bb210548e3982db5eaf3b0f008','814e35076e3e4077aeed5857ea0260d1','menu','2c9ba381519be34601519bea88310000'),('c0a38be53c6945f8adeb85afa1e159bd','1','menu','fc033fe40d17414f9658abdbd70b5820'),('c57a44a5869240ed95980d3129b6e983','2c9ba381519149ca01519157eca00001','menu','2c9ba381519b5fa901519ba8b9ed0011'),('caf5ec6ad3e64eb09067843a57516ee7','cb58b16d3c8d480d83f20b05d9694b86','menu','2c9ba381519b5fa901519ba8b9ed0011'),('d57999cd9e06498eb7e4e2ff583fb2e5','1','menu','8ea1f7ba71b04e3e966ec366730eaf9c'),('d8a63bc24b6e4a51b1e2511eee83edaa','814e35076e3e4077aeed5857ea0260d1','menu','402880e54e59cb8f014e5d79c5150012'),('e968d3d50b7148f28d8753b273a0ebf8','cb58b16d3c8d480d83f20b05d9694b86','menu','402880e54e7baf69014e7bb1d9700000'),('f200829d7172408684eb20a55699d522','2c9ba381519149ca01519157eca00001','menu','8ea1f7ba71b04e3e966ec366730eaf9c'),('f392011dfdcf4363a9ab4d14e33d1279','814e35076e3e4077aeed5857ea0260d1','menu','402880e54e7baf69014e7bb1d9700000'),('f83f846671614353b21e2ee2e841acd4','2c9ba381519149ca01519157eca00001','menu','2c9ba381519be34601519bea88310000');

/*Table structure for table `sys_role` */

DROP TABLE IF EXISTS `sys_role`;

CREATE TABLE `sys_role` (
  `role_id` varchar(50) COLLATE utf8_bin NOT NULL COMMENT 'è§’è‰²ID',
  `role_name` varchar(50) COLLATE utf8_bin DEFAULT NULL COMMENT 'è§’è‰²åç§°',
  `role_desc` varchar(200) COLLATE utf8_bin DEFAULT NULL COMMENT 'è§’è‰²è¯´æ˜',
  `status_staff_id` varchar(50) COLLATE utf8_bin DEFAULT NULL COMMENT 'å˜æ›´äººå‘˜',
  `status_date` datetime DEFAULT NULL COMMENT 'å˜æ›´æ—¶é—´',
  PRIMARY KEY (`role_id`)
) ENGINE=InnoDB DEFAULT CHARSET=utf8 COLLATE=utf8_bin;

/*Data for the table `sys_role` */

insert  into `sys_role`(`role_id`,`role_name`,`role_desc`,`status_staff_id`,`status_date`) values ('1','è¶…çº§ç®¡ç†å‘˜','è¶…çº§ç®¡ç†å‘˜ï¼Œæœ€å¤§æƒé™','1','2017-08-23 00:01:28'),('2c9ba381519149ca01519157eca00001','æ™®é€šå‘˜å·¥','æ™®é€šå‘˜å·¥',NULL,'2015-12-13 21:58:56'),('60d6a27183a1499987949449cbd2c1e8','manage-ç³»ç»Ÿç»´æŠ¤äººå‘˜','manage-ç³»ç»Ÿç»´æŠ¤äººå‘˜','2c9ba381518191770151819d10740000','2017-09-06 15:30:56'),('cb58b16d3c8d480d83f20b05d9694b86','manage-ç³»ç»Ÿç®¡ç†å‘˜','manage-ç³»ç»Ÿç®¡ç†å‘˜','2c9ba381518191770151819d10740000','2017-09-06 15:29:44');

/*Table structure for table `sys_staff` */

DROP TABLE IF EXISTS `sys_staff`;

CREATE TABLE `sys_staff` (
  `staff_id` varchar(50) COLLATE utf8_bin NOT NULL COMMENT 'ç”¨æˆ·ID',
  `staff_code` varchar(50) COLLATE utf8_bin DEFAULT NULL COMMENT 'ç™»å½•è´¦å·',
  `staff_name` varchar(100) COLLATE utf8_bin DEFAULT NULL COMMENT 'ç”¨æˆ·å',
  `password` varchar(50) COLLATE utf8_bin DEFAULT NULL COMMENT 'å¯†ç ',
  `sex` int(1) DEFAULT NULL COMMENT 'æ€§åˆ«ï¼š0ï¼šå¥³ï¼›1ï¼šç”·',
  `phone` varchar(30) COLLATE utf8_bin DEFAULT NULL COMMENT 'è”ç³»ç”µè¯',
  `family_phone` varchar(30) COLLATE utf8_bin DEFAULT NULL COMMENT 'ç´§æ€¥è”ç»œäººç”µè¯',
  `card` varchar(50) COLLATE utf8_bin DEFAULT NULL COMMENT 'èº«ä»½è¯å·',
  `age` varchar(2) COLLATE utf8_bin DEFAULT NULL COMMENT 'å¹´é¾„',
  `education` varchar(3) COLLATE utf8_bin DEFAULT NULL COMMENT 'å­¦å†',
  `school_name` varchar(50) COLLATE utf8_bin DEFAULT NULL COMMENT 'æ¯•ä¸šå­¦æ ¡',
  `major` varchar(50) COLLATE utf8_bin DEFAULT NULL COMMENT 'æ‰€å­¦ä¸“ä¸š',
  `org_id` varchar(50) COLLATE utf8_bin DEFAULT NULL COMMENT 'ç»„ç»‡ID',
  `status` varchar(2) COLLATE utf8_bin DEFAULT NULL COMMENT 'çŠ¶æ€ï¼š0æ­£å¸¸ï¼›1åœç”¨',
  `create_date` datetime DEFAULT NULL COMMENT 'åˆ›å»ºæ—¶é—´',
  PRIMARY KEY (`staff_id`),
  KEY `sys_staff_staff_code` (`staff_code`),
  KEY `sys_staff_staff_name` (`staff_name`)
) ENGINE=InnoDB DEFAULT CHARSET=utf8 COLLATE=utf8_bin;

/*Data for the table `sys_staff` */

insert  into `sys_staff`(`staff_id`,`staff_code`,`staff_name`,`password`,`sex`,`phone`,`family_phone`,`card`,`age`,`education`,`school_name`,`major`,`org_id`,`status`,`create_date`) values ('2c9ba381518191770151819d10740000','admin','ç³»ç»Ÿè¶…çº§ç®¡ç†å‘˜','96E79218965EB72C92A549DD5A330112',NULL,'135','111','5138221','11','1','1','1','402881e54fe5f607014fe6094f67000a','0',NULL),('7436a9d647b54c9fbcf103a0f4a51f80','zs','å¼ ä¸‰-å¼€å‘äººå‘˜','E10ADC3949BA59ABBE56E057F20F883E',0,'1','1','1','','','','','402881e54fe5f607014fe6094f67000a','0','2017-09-06 15:01:12'),('acd3c73b81824b20b4e55b1dd8674025','ls','æå››','E10ADC3949BA59ABBE56E057F20F883E',0,'135','1','1','','','','','402881e54fe5f607014fe6094f67000a','0','2017-08-24 23:02:42');

/*Table structure for table `sys_staff_role_rel` */

DROP TABLE IF EXISTS `sys_staff_role_rel`;

CREATE TABLE `sys_staff_role_rel` (
  `rel_id` varchar(50) COLLATE utf8_bin NOT NULL COMMENT 'å…³ç³»ID',
  `staff_id` varchar(50) COLLATE utf8_bin DEFAULT NULL COMMENT 'ç”¨æˆ·ID',
  `role_id` varchar(50) COLLATE utf8_bin DEFAULT NULL COMMENT 'è§’è‰²ID',
  PRIMARY KEY (`rel_id`)
) ENGINE=InnoDB DEFAULT CHARSET=utf8 COLLATE=utf8_bin;

/*Data for the table `sys_staff_role_rel` */

insert  into `sys_staff_role_rel`(`rel_id`,`staff_id`,`role_id`) values ('2c9ba381519b5fa901519b9ef0db000b','1','1'),('2c9ba381519b5fa901519ba35b530010','2c9ba381519b5fa901519b8a4c400004','2c9ba381519149ca01519157eca00001'),('402881e551cee2780151cef91f2e0000','402881e45176e33f0151771b326a0002','2c9ba381519149ca01519157eca00001'),('56ac96cfd012471b93c9f6247f47d365','','2c9ba381519149ca01519157eca00001'),('57fbd30cad11460da3dbb483ef41ebae','acd3c73b81824b20b4e55b1dd8674025','2c9ba381519149ca01519157eca00001'),('ac6badffc8dd4d8cbdab954025d6fc09','7436a9d647b54c9fbcf103a0f4a51f80','60d6a27183a1499987949449cbd2c1e8'),('d414cc5425bd4b9a8438e2cc206b45af','2c9ba381518191770151819d10740000','1');

/*!40101 SET SQL_MODE=@OLD_SQL_MODE */;
/*!40014 SET FOREIGN_KEY_CHECKS=@OLD_FOREIGN_KEY_CHECKS */;
/*!40014 SET UNIQUE_CHECKS=@OLD_UNIQUE_CHECKS */;
/*!40111 SET SQL_NOTES=@OLD_SQL_NOTES */;
